Assignment batch,Merge date,"Labelers (Safwat,Atish, Hasan, Emma, Chris, Kevin)",PR Id,PR Link,Issue Summary,Issue type,Broader issue type,Detailed Code Change Description,User Demographic,Buggy Lines,Fixed Lines,Notes,Include?,Disagreement?
2025,2025,"Chris,Emma,Lisa",2508151957,https://github.com/adaptlearning/adapt-contrib-matching/pull/195,"Focus outline, when using keyboard, is explicitly disabled for each dropdown",focus element,Focus management,changed outline to 0px,"visual impairments, motor impairments",less/dropdown.less:4,"N/A, buggy line was removed",,1,
2025,2025,"Chris,Samar,Emma,Lisa",500942454,https://github.com/ONSdigital/design-system/pull/618,"""Hide this"" button isnt descriptive to screen reader users",assistive text,Screen reader information,Every 'hide this' button used in the details component requires a params.button.contextSuffix value (e.g. 'content') to build a readable string of context for screen readers,visual impairments,src/components/details/examples/details/index.njk:9;src/components/details/_macro.njk:42,src/components/button/_macro.njk:24-26;src/components/details/_macro.njk:42-43;src/components/details/examples/details/index.njk:9-10,,1,
2025,2025,"Chris,Emma,Lisa",1348102534,https://github.com/ONSdigital/design-system/pull/2420,ensure all webpages have readable titles and h1 headings,screen reader,Screen reader information,updated the webpages for titles and headings to make them more accessible for screen readers,visual impairments,src/views/layouts/_example.njk:3-5:9,src/views/layouts/_example.njk:6;src/views/layouts/_master.njk:10-26,,1,
2025,2025,"Chris,Emma,Lisa",990209372,https://github.com/mavenlink/design-system/pull/375,escape not working correctly for dropdown menu becuase the select consumes a keydown event when menu is open,keyboard navigation,Keyboard navigation,Added conditional if the options are shown and stops propagation of escape event,"visual impairments, motor impairments",src/components/control/select.jsx:86,src/components/control/select.jsx:86-88,,1,
2025,2025,"Chris,Samar,Emma,Lisa",475974438,https://github.com/topcoder-platform/community-app/pull/3191,Improve assistive text for logo,aria label,Screen reader information,Added title to html element and updated the aria-lable to be more descriptive,visual impairments,src/shared/components/TopcoderHeader/index.jsx:354-355,src/shared/components/TopcoderHeader/index.jsx:354-355,,1,
2025,2025,"Chris,Samar,Emma,Lisa",1321176485,https://github.com/mozilla/pdf.js/pull/15237,Add aria-owns attributes to provide annotations for text elements to visually impaired users ,aria label,Screen reader information,Add aria-owns attributes to provide annotations for text elements to visually impaired users ,visual impairments,many,many,,1,
2025,2025,"Chris,Samar,Emma,Lisa",1979338030,https://github.com/transloadit/uppy/pull/4777,Color contrast not compliant with WCAG,color contrast,Color contrast,Update the contrast of buttonImport element by changing the blue color,visual impairments,packages/@uppy/core/src/_variables.scss:19;packages/@uppy/dashboard/src/style.scss:384;packages/@uppy/dashboard/src/style.scss:29,packages/@uppy/core/src/_variables.scss:19;packages/@uppy/dashboard/src/style.scss:384;packages/@uppy/dashboard/src/style.scss:29,,1,
2025,2025,"Chris,Samar,Emma,Lisa",3019067117,https://github.com/Leaflet/Leaflet/pull/9688,Improves keyboard accessibility by letting assistive technology know which key shortcuts are available through aria-keyshortcuts,aria label,Screen reader information,added ariaKeyShortcuts to keyboard map container,"visual impairments, motor impairments",src/map/handler/Map.Keyboard.js:49,src/map/handler/Map.Keyboard.js:51,,1,
2025,2025,"Samar,Emma",926131870,https://github.com/alphagov/govuk-frontend/pull/2257,"the section headings in accordions can be mistaken for links, but are treated as buttons - this fails WCAG 2.1 success criterion 1.3.1 Info and Relationship + differences in accordion designs also confuse users with screen reader issues",screen reader,Screen reader information,"An ""Show all sections"" button is added to the top of the accordion, Add focus states around inner Content, Add Hidden ""this section"" > Show[ this section], Add Wrapper for all inner ""[icon] Show [this section]"" elements called toggle text",visual impairments,"6791ee85ff3afaeaf193a7d91d3998f3a183ce16:src/govuk/components/accordion/accordion.js: 30-31, 34",,,1,
2025,2025,"Samar,Emma",1701725770,https://github.com/ONSdigital/design-system/pull/2648,Multiple nav elements for a single navigation menu,screen reader,Screen reader information,"allow headings in section navigation, allow mulitple sections in section navigation","visual impairments, motor impairments",,,,1,
2025,2025,"Samar,Emma",2724296470,https://github.com/WebKit/WebKit/pull/37577,WebKit could generate attributed strings off the main thread only for ranges within a single element but for multiple elements there will be performance issues,screen reader,Screen reader information,"This commit implements support for serving attributed strings off the main-thread for ranges that span multiple elements.
Similar to AXTextMarkerRange::toString(), we traverse from the object starting the range to the end, building an attributed
string as we go.

This patch also fixes a bug in the off-main-thread text marker implementation where we did not emit two newlines for
paragraph elements, and a tab for table cells as mandated by the spec",visual impairments,,,,1,
2025,2025,"Samar,Emma",1772016784,https://github.com/adaptlearning/adapt-contrib-narrative/pull/269,Next and previous buttons are read out twice,aria label,Screen reader information,Moves the button labels to <span> tags,visual impairments,,,,1,
2025,2025,"Samar,Emma",1955525987,https://github.com/nextcloud/photos/pull/2099,The element label must not appear as a descendant of the label element.,aria label,Screen reader information,Remove aria-label tags from the buttons,visual impairments,,,,1,
2025,2025,"Samar,Emma",475308251,https://github.com/cds-snc/report-a-cybercrime/pull/506,fieldsets around radio buttons and checkboxes will allow screenreaders to know what group the radio buttons or checkboxes belong to,screen reader,Screen reader information,add fieldsets around radio buttons and checkboxes,visual impairments,,,,1,
2025,2025,"Samar,Emma",436686136,https://github.com/wordpress-mobile/gutenberg-mobile/pull/925,The block should be set as selected when it's focused by the Screen Reader,screen reader,Screen reader information,Set accessibility props (onFocus property) for Heading element,visual impairments,"2a8143c1f2dbeeb618839c8a793ec22dd59de207: packages/block-library/src/heading/edit.native.js: 18-19, 93","2a8143c1f2dbeeb618839c8a793ec22dd59de207: packages/block-library/src/heading/edit.native.js: 5, 11, 20, 77-84, 101-103, 105-109",,1,
2025,2025,"Samar,Emma",1036292708,https://github.com/zooniverse/Panoptes-Front-End/pull/6036,"label subject set checkboxes in accessbility tree so that when a user clicks on the label, it can be checked/unchecked",screen reader,Screen reader information,"fixes the HTML and improves the accessibility of the Subject Set selection sub-menu/panel, in the Workflow Editor, in the Project Builder.
add label for subject set","visual impairments, motor impairments","a7b642b0c988181dde8d32625fb5bb8de9140e6e: app/pages/lab/workflow.cjsx: 577, 583-584","a7b642b0c988181dde8d32625fb5bb8de9140e6e: app/pages/lab/workflow.cjsx: 577, 583-595",,1,
2025,2025,"Samar,Emma",2904149476,https://github.com/WebKit/WebKit/pull/42112,accessibility-node-memory-management.html started timing out because the changed the timing of how the accessibility tree is updated when focus changes,screen reader,Screen reader information,"rewrites html file to a more modern style that is properly async considering
the dynamic page changes from JS it performs; only initializeSortedIDLists; rather than creating a tree and waiting for them to be synced, they initialize the isolated tree and sorted lists upon creation; onDocumentRenderTreeCreation now starts the cache-update timer if it's not active",general,"c0673b1cf7b66732ed2b9633586e35bd31f53003: LayoutTests/accessibility/accessibility-node-memory-management.html: 5, 11-13, 15, 17-19, 21-24, 26-28, 32-34, 38-39, 47-56, 58-62, 64-71, 74-75; Source/WebCore/accessibility/AXObjectCache.cpp: 2880-2888; Source/WebCore/accessibility/mac/AXObjectCacheMac.mm: 393, 664-671, 753, 758","c0673b1cf7b66732ed2b9633586e35bd31f53003: LayoutTests/accessibility/accessibility-node-memory-management.html: 5, 11-13, 15-16, 18-22, 24-34, 38-41, 45, 53-57, 59-63, 65-67, 69-72; Source/WebCore/accessibility/AXObjectCache.cpp: 2880-2884; Source/WebCore/accessibility/isolatedtree/AXIsolatedTree.cpp: 173-174, 1089-1102;
Source/WebCore/accessibility/mac/AXObjectCacheMac.mm: 393-398, 750, 752-753, 757-760, 768-774, 863-865, 874-875",,1,
2025,2025,"Samar,Emma",640485279,https://github.com/react-dates/react-dates/pull/2010,"add aria-current for ""today"" on CalendarDay to mark the current date to screen reader users",aria label,Screen reader information,"Add aria-current for ""today"" date",visual impairments,None,f74f1e38ddc3704edde7ad1daecdb267b3ebee48:src/components/CalendarDay.jsx:157; test/components/CalendarDay_spec.jsx: 57-82,,1,
04/02/2026,06/11/2026,"Safwat, Emma",65070942,https://github.com/mdo/github-buttons/pull/84,Links are announced with irrelevant description.,"aria hidden, aria label",Screen reader information,"Added blank aria label to a component, and aria-hidden=True",visual impairments,,,,1,
04/30/2026,05/05/2026,"Safwat, Chris",146415785,https://github.com/zooniverse/Panoptes-Front-End/pull/2396,Darkens color of text for better readability.,color contrast,Color contrast,Changed font color for a deeper shade in css/project-page.styl.,general,,,need to discuss if user demographic should be General instead.,1,
03/10/2026,03/11/2026,"Safwat, Atish",207186014,https://github.com/Automattic/wp-calypso/pull/11368,"Text color is in low contrast gray, hard to read.",color contrast,Color contrast,Updated gray text color to a darkened gray color for better readability.,visual impairments,,,,1,
02/18/2026,03/13/2026,"Kevin, Hasan",215038367,https://github.com/zooniverse/Panoptes-Front-End/pull/3623,The survey task was not completely navigable in the UI,navigation,Keyboard navigation,"default UI focus components were added, keyboard nvigation options were added to various elements, and focus according item content (e.g., alphabetical order) were added.",motor impairments,,,,1,
04/02/2026,06/11/2026,"Safwat, Emma",220704546,https://github.com/zooniverse/Panoptes-Front-End/pull/3711,"Adds keyboard support by replacing buttons with named radio inputs, which can be controlled using the cursor keys.",navigation,Keyboard navigation,Adds support for left/right cursor keys to change slide,motor impairments,,,,1,
03/27/2026,06/08/2026,"Safwat, Emma",221466134,https://github.com/brave/browser-laptop/pull/8282,Screen readers did not announce extension names when navigating to extension toolbar buttons.,screen reader,Screen reader information,"Added l10nId and l10nArgs support to browser action buttons to pass the extension’s title into the localized button label. Added manifest message resolution for extension name, description, and browser_action.default_title fields so screen readers can announce the correct extension name when the button receives focus.",visual impairments,,,,1,
03/10/2026,03/11/2026,"Safwat, Atish",231402510,https://github.com/unl/wdntemplates/pull/1074,Alert message did not follow accessibility rules.,color contrast,Color contrast,"Increased font size, padding, and color contrast for alert message.",visual impairments,,,,1,
04/30/2026,05/05/2026,"Safwat, Chris",243111616,https://github.com/Automattic/wp-calypso/pull/16257,No visible shadows on buttons when they were selected using keyboard navigation.,"navigation, border issue",Keyboard navigation,Added shadow color to selected buttons using keyboard tab button.,"visual impairments, motor impairments",,,,1,
04/30/2026,06/16/2026,"Hasan, Atish",246418887,https://github.com/Automattic/wp-calypso/pull/16705,"adding sidebar titles for teams, lists and tags for mouse over event.",screen reader,Screen reader information,"Added a title attribute to the Reader sidebar for teams, lists and tags",visual impairments,,,,1,
03/10/2026,06/04/2026,"Hasan, Safwat",249328970,https://github.com/Automattic/wp-calypso/pull/17091,"When Site block is used more widely, the two aria labels do not cover all of the possible actions",aria label,Screen reader information,"improves the title attribute. It now includes the site name: Before: ""View this site""After: ""View site bluefutontest5.wordpress.com"". Before: ""Select this site"" After: ""Select site bluefutontest5.wordpress.com"". Also uses the same values for aria-label.",visual impairments,,,,1,
03/27/2026,05/05/2026,"Safwat, Atish",254146241,https://github.com/twbs/bootstrap/pull/23755,"Improving accessibility on tables by adding captions documentation and scope=""col"" on thead th",screen reader,Screen reader information,"Adds scope=""col"" to every column-header <th> across all table examples in the Bootstrap 4.0 tables docs so assistive technologies can correctly associate header cells with their columns. ",visual impairments,,,,1,
05/06/2026,06/18/2026,"Atish, Emma",262698702,https://github.com/adaptlearning/adapt_framework/pull/1830,Moving accessibility toggle and instructions from body to navigation,"aria label, element-positioning, navigation","Keyboard navigation, Screen reader information",,"motor impairments, visual impairments",,,,1,
02/18/2026,03/04/2026,"Emma, Chris",263859759,https://github.com/adaptlearning/adapt_framework/pull/1838,refactored how aria labeled were handled to use a helper for attributes,aria label,Screen reader information,"added a global attribute _ariaLevel to resolve in all Handlebars contexts from which the a11y_attrs_heading helper is called
and added a11y_attrs_heading attribute types menu, menuItem, page, article, block, component and componentItem",visual impairments,,,,1,
04/30/2026,06/16/2026,"Hasan, Atish",302875134,https://github.com/basecamp/trix/pull/492,Adding markup for better JAWS and NVDA screenreader performance,"screen reader, aria attributes",Screen reader information,role and aria attributes added for screen readers,visual impairments,,,,1,
05/06/2026,06/19/2026,"Hasan, Safwat",306530528,https://github.com/Automattic/wp-calypso/pull/23411,,,,,,"No change in source code, just an updated url in the readme file.",,,1,
03/27/2026,05/05/2026,"Safwat, Atish",312833440,https://github.com/Automattic/wp-calypso/pull/24024,Autofocus forces screen reader to go to the middle of the form.,screen reader,Screen reader information,Removed auto-focus from isSocialSignupEnabled.,"motor impairments, visual impairments",,,,1,
02/18/2026,03/04/2026,"Emma, Chris",317674629,https://github.com/adaptlearning/adapt_framework/pull/2053,added aria-roledescription and aria-modal,aria attributes,Screen reader information,"updated notifyview with ""dialog"" for aria-roledescription and set aria-modal to true",visual impairments,,,,1,
04/02/2026,05/07/2026,"Hasan, Safwat",320086681,https://github.com/salesforce/design-system-react/pull/1347,"aria-hidden=""true"" isn't applied when there is more than one Modal. Need to use use passed-in assistiveText when there is no header","aria hidden, assistive text",Screen reader information,"Added a condition of checking custom dialog label and updates aria label with that, otherwise, falls back to ariaLabeledBy behavior that adds label when title is present.",visual impairments,,,,1,
04/02/2026,06/11/2026,"Safwat, Emma",321967871,https://github.com/maplibre/maputnik/pull/296,Did not have reduced motion support.,reduce motion,Motion sensitivity,"Added reduced motion support by adding collapse.jsx component layer, added three second throttle to enable the option seamlessly, added 0 second transition duration on layer and input css, added support in package.json.",cognitive impairments,,,,1,
03/15/2026,06/05/2026,"Emma, Safwat",321971039,https://github.com/maplibre/maputnik/pull/297,Color swatch is too small,button width,Target size,Changed color swatch width from 3 to 14,"visual impairments, general",,,,1,
04/30/2026,05/05/2026,"Safwat, Chris",321982888,https://github.com/maplibre/maputnik/pull/298,Buttons lacked accessibility,"button interaction, keyboard navigation",Keyboard navigation,Changed from links <a/> without href to proper buttons so they are keyboard accessible,"visual impairments, motor impairments",,,,1,
03/15/2026,03/26/2026,"Safwat, Chris",326030505,https://github.com/adaptlearning/adapt_framework/pull/2095,tabindex values reset instead of restoring value,navigation,Keyboard navigation,restores the correct tabindex and the correct aria-hidden state,"visual impairments, motor impairments",,,,1,
03/10/2026,06/04/2026,"Hasan, Safwat",326544406,https://github.com/adaptlearning/adapt_framework/pull/2105,Need for aria-live instead of augmenting alert and selected messages,"screen reader, aria attributes",Screen reader information,"Removes $.a11y_alert and $.fn.a11y_selected and directs developers to use aria-live instead. These elements no longer create hidden alert/selected elements or manage focus/announcements; and instead, log removal warnings and return unchanged.",visual impairments,,,,1,
03/10/2026,05/21/2026,"Chris, Emma",327259476,https://github.com/adaptlearning/adapt_framework/pull/2108,Pop down focus element should be defined for some elements.,focus element,Focus management,preventDefault() is called onCloseClicked event and hideDrawer() called onCloseDrawer event. Added activeElement as argument to hideDrawer(). Changed popupClosed() to return focus or next element if an element is passed as argument or if a11y popDown() is callable.,"motor impairments, visual impairments",,,,1,
04/02/2026,05/07/2026,"Hasan, Safwat",327797446,https://github.com/adaptlearning/adapt_framework/pull/2112,Currently it's very difficult to ascertain completion from headers alone. Being able to navigate by header with extra information on completeness will allow faster access using accessible tech.,navigation,Keyboard navigation,added completion status to headers,motor impairments,,,,1,
04/02/2026,05/07/2026,"Hasan, Safwat",327801422,https://github.com/adaptlearning/adapt_framework/pull/2114,"Incorrect ARIA correction logic, removed specified roles and labels.",aria label,Screen reader information,"Removed incorrect ARIA label correction behavior that converts aria labels into span tags and stripped specified role, aria-label, tabindex, and aria-hidden attributes.",visual impairments,,,,1,
04/30/2026,06/16/2026,"Hasan, Atish",328812522,https://github.com/maplibre/maputnik/pull/313,Adding keyboard shortcuts to the editor,keyboard-navigation,Keyboard navigation,<a> replaced with button and tabIndex added to FileReaderInput,motor impairments,,,,1,
03/10/2026,03/11/2026,"Safwat, Atish",338745577,https://github.com/adaptlearning/adapt_framework/pull/2169,Change scrolling from document to iframe container,screen reader,Screen reader information,Introduces a new optional scrolling container mode that confines page scrolling to a controlled #app div. It also improves focus management by replacing a11y_focus() with focusNext() after scroll animations,"motor impairments, visual impairments",,,,1,
03/10/2026,05/21/2026,"Chris, Emma",346233330,https://github.com/adaptlearning/adapt-contrib-narrative/pull/183,fixed accessibility issue related to component descriptions and use of a11y features,screen reader,Screen reader information,"Made sure focus behaviour only happens after initial render, Shortened and fixed component description
Removed role=""button"", Removed a11y_text, Hidden image in place of label representation, Used a11y_heading_attrs",visual impairments,,,,1,
02/18/2026,02/25/2026,"Atish, Safwat",364082896,https://github.com/adaptlearning/adapt_framework/pull/2235,"Ensures that clicking focusable elements actually assigns focus to them, and stop making non-focusable things focusable.","screen reader, navigation","Keyboard navigation, Screen reader information",Rewrites the click handler to stop forcing focus onto non-focusable elements and instead find the nearest focusable ancestor to assign focus to,"motor impairments, visual impairments",,,,1,
03/27/2026,04/23/2026,"Hasan, Chris",387618331,https://github.com/salesforce/design-system-react/pull/1669,"Issues related to focus order (No initial focus on any button when entering dialog box, when tabbing to Default, the focus goes to the second color, not transparent), alt-text (no alt text reads on Close button , transparent tab not described), Inconsistent use of arrows to select hue base.","screen reader, assistive text",Screen reader information,"Added updated description: ""Saturation: 0%. Brightness: 11%"". Updated text for transparent swatch to read ""transparent"" when it's empty string. Added transparent swatch to all examples and put it at the end.",visual impairments,,,,1,
04/02/2026,05/20/2026,"Atish, Chris",418508528,https://github.com/Automattic/wp-calypso/pull/31291,Insufficient text contrast,color contrast,Color contrast,Increase text contrast,visual impairments,,,,1,
02/18/2026,03/04/2026,"Emma, Chris",428708468,https://github.com/zooniverse/Panoptes-Front-End/pull/5313,Search input is not automatically focused upon opening,focus element,Focus management,added autoFocus and modalFocus to collection manager and disable a button when there is no collection,"visual impairments, motor impairments",,,,1,
04/30/2026,06/15/2026,"Safwat, Emma",429736244,https://github.com/zooniverse/front-end-monorepo/pull/655,Modal titles use an incorrect heading level,screen reader,Screen reader information,Changed const Heading = styled.h5` to h2.,visual impairments,,,,1,
04/30/2026,05/05/2026,"Safwat, Chris",430915513,https://github.com/zooniverse/front-end-monorepo/pull/670,links to unordered list for better screenreader nagivation,screen reader,Screen reader information,changed links in footer to an unordered list,visual impairments,,,,1,
04/30/2026,05/05/2026,"Safwat, Chris",435754498,https://github.com/wordpress-mobile/gutenberg-mobile/pull/916,Unfocused post title was not properly announced by screen readers.,screen reader,Screen reader information,Wrapped the post title container in an accessible view and added a dynamic accessibilityLabel that announces “Post title. Empty” when no text is present and “Post title. [title text]” when content exists.,visual impairments,,,,1,
03/03/2026,03/04/2026,"Safwat, Atish",436265119,https://github.com/wordpress-mobile/gutenberg-mobile/pull/923,Empty paragraph blocks are not accessible to screen-readers.,screen reader,Screen reader information,Improve talkback options by adding accessibility labels to empty paragraphs.,visual impairments,,,,1,
04/02/2026,06/11/2026,"Safwat, Emma",444732455,https://github.com/govau/design-system-site/pull/550,Tabs are not accessible via keyboard.,navigation,Keyboard navigation,"IE8 compliant polyfill for next element sibling, delete .au-link-list, add setAttribute, 
Add event for left and right key arrow press on tabs",motor impairments,,,,1,
05/06/2026,06/19/2026,"Hasan, Safwat",461138883,https://github.com/Automattic/wp-calypso/pull/34317,Text is of low contrast color compared to background.,color contrast,Color contrast,Changed color: var( --color-white ); to color: var( --color-text ); in style.scss.,visual impairments,,,,1,
05/06/2026,06/18/2026,"Atish, Emma",461626704,https://github.com/unl/wdntemplates/pull/1329,Adding ARIA labels to footer lists,aria attributes,Screen reader information,aria-labelledby added to ul,visual impairments,,,,1,
02/18/2026,02/25/2026,"Atish, Safwat",462831247,https://github.com/unl/wdntemplates/pull/1331,List items don't get announced by safari + voiceover,screen reader,Screen reader information,Added a list marker so voiceover announces the list items.,visual impairments,,,,1,
04/30/2026,05/05/2026,"Safwat, Chris",470128483,https://github.com/govau/design-system-site/pull/628,incorrect usage of aria-selected,screen reader,Screen reader information,set aria-selected to false instead of removing aria-selected from the element,visual impairments,,,,1,
04/30/2026,05/05/2026,"Safwat, Chris",474269658,https://github.com/topcoder-platform/community-app/pull/3158,Some links info popup can't be accessed using tab key.,navigation,Keyboard navigation,Added aria-describedBy attribute value for tooltip components like review-tip and approval-tip.,"motor impairments, visual impairments",,,,1,
02/18/2026,03/13/2026,"Kevin, Hasan",474696818,https://github.com/topcoder-platform/community-app/pull/3165,Color background/foreground makes it difficult for low-vision users to use.,color contrast,Color contrast,Updated colors of ui components to improve contrast.,visual impairments,,,,1,
04/02/2026,05/20/2026,"Atish, Chris",484009799,https://github.com/ucfopen/Obojobo/pull/951,Pressing Enter to activate a button that opens SimpleDialog immediately closes it,keyboard-navigation,Keyboard navigation,Delete 'keyup' event listener,"motor impairments, general",,,,1,
04/30/2026,06/16/2026,"Hasan, Atish",487817555,https://github.com/topcoder-platform/community-app/pull/3275,User menu lacks accessibility and proper navigation.,"screen reader, navigation","Keyboard navigation, Screen reader information",Added role and tabIndex for usermenuHeader.,"visual impairments, motor impairments",,,,1,
02/18/2026,03/04/2026,"Emma, Chris",498806617,https://github.com/adaptlearning/adapt-contrib-hotgraphic/pull/181,double click issue,navigation,Keyboard navigation,removed preventDefault from hotgraphicPopupView,general,,,,1,
03/10/2026,05/21/2026,"Chris, Emma",499163263,https://github.com/govau/design-system-site/pull/695,Color contrast link's against background was not following WCAG guidelines.,color contrast,Color contrast,Darkened foreground by 1% for active trail and lightened background by 1% for accordion body wrapper.,visual impairments,,,,1,
04/30/2026,05/05/2026,"Safwat, Chris",503646332,https://github.com/DDDEastMidlandsLimited/dddem-web/pull/100,Some icons did not contain aria-labels.,"aria label, screen reader",Screen reader information,Added aria-label attribute to icons.,visual impairments,,,,1,
05/06/2026,05/13/2026,"Safwat, Chris",508371430,https://github.com/teacherfund/TeacherFund_next/pull/155,Email input was not implemented as required.,screen reader,Screen reader information,Added required attribute to email input and removed aria-required=True.,visual impairments,,,,1,
04/02/2026,05/07/2026,"Hasan, Safwat",557328035,https://github.com/City-of-Helsinki/servicemap-ui/pull/269,User cannot navigate search pages's settings menu.,navigation,Keyboard navigation,"Added button base component, included the typography component within it and removed h3 as it was previously used.",motor impairments,,,,1,
03/27/2026,05/05/2026,"Safwat, Atish",579637170,https://github.com/cylc/cylc-ui/pull/425,Fixing low-contrast at-symbol flagged by WAVE on landing page,color contrast,Color contrast,"Removes the dark prop from the material Card header in favor of a targeted text--white class, and drops the hardcoded mid-grey color on .c-environment-info so it inherits a higher-contrast default. ",visual impairments,,,,1,
03/10/2026,05/21/2026,"Chris, Emma",580066898,https://github.com/twbs/bootstrap/pull/30389,"Links were not underlined, therefore hard to find.",,Text presentation,Added underline to text decoration in scss files.,"general, visual impairments",,,,1,
03/27/2026,06/08/2026,"Safwat, Emma",610713911,https://github.com/mdo/github-buttons/pull/148,Redundant iframe title caused repetitive screen-reader announcements when navigating embedded content.,screen reader,Screen reader information,Removed redundant text from the iframe title attribute value.,visual impairments,,,,1,
04/02/2026,05/07/2026,"Hasan, Safwat",611228683,https://github.com/UKHSA-Internal/coronavirus-dashboard/pull/142,"Map canvas default label (""Map"") was not descriptive enough.",aria label,Screen reader information,"Accessed the Mapbox-generated <canvas> element using getCanvas() after map initialization and overridden its default aria-label (""Map"") with a descriptive label.",visual impairments,,,,1,
03/15/2026,03/26/2026,"Safwat, Chris",612898346,https://github.com/UKHSA-Internal/coronavirus-dashboard/pull/156,"No ARIA landmarks used in webpage, and aria label of a specific map fails to describe the type of map it is.","screen reader, aria label",Screen reader information,"Adds role=""main"" to several javascript files (about.js, accessibility.js, etc.) and a descriptive aria label to map.js to make screen readers more effective.",visual impairments,,,,1,
05/06/2026,05/13/2026,"Safwat, Chris",613653257,https://github.com/twbs/bootstrap/pull/30755,Modal dialog accessibility issues occurs for incorrect use of document role.,screen reader,Screen reader information,"Removed role=""document"" for modal dialog.",visual impairments,,,,1,
03/03/2026,05/22/2026,"Kevin, Chris",644195511,https://github.com/GoogleForCreators/web-stories-wp/pull/2685,add tooltip text,assistive text,Screen reader information,added tooltip text to gridview and listview and updated aria-labels to be consistent,"visual impairments, general",,,,1,
02/18/2026,03/13/2026,"Kevin, Hasan",708331025,https://github.com/GoogleForCreators/web-stories-wp/pull/4677,Missing aria labels and missing keyboard navigation for webpage UI,"navigation, aria label","Keyboard navigation, Screen reader information","Added aria labels, added additional keyboard commands for actions","visual impairments, motor impairments",,,,1,
03/03/2026,03/04/2026,"Safwat, Atish",714819179,https://github.com/twbs/bootstrap/pull/31839,The new info badge doesn't provide sufficient colour contrast per AA guidelines in the V5 Alpha 2,color contrast,Color contrast,"Four documentation markdown files — badge, card, color, and utilities/colors pages — all using the same template pattern. The fix is identical in each: extend the condition if or (eq .name ""light"") (eq .name ""warning"") to also include (eq .name ""info"").",visual impairments,,,,1,
02/18/2026,02/25/2026,"Atish, Safwat",717315360,https://github.com/CollaboraOnline/online/pull/219,Generated buttons do not have alt-text as attributes,alt text missing,Screen reader information,Set alt attributes to button ID.,visual impairments,,,,1,
03/10/2026,05/21/2026,"Chris, Emma",730681462,https://github.com/dbt-labs/docs.getdbt.com/pull/436,Color contrast for caution box and its text is too low. ,color contrast,Color contrast,Changed background color for the caution box.,"general, visual impairments",,,,1,
03/15/2026,04/01/2026,"Atish, Hasan",757702654,https://github.com/open-sdg/open-sdg/pull/1003,"Form fields lack proper labels, affecting accessibility (name, role, value).
Tables cause horizontal scrolling when the page is magnified.
Certain interactive elements (e.g., color input) are not properly recognized by screen readers.
Some buttons are not keyboard accessible and lack state information (on/off) for assistive technologies.
Dynamic updates (e.g., counters, search results) are not announced to screen readers.","screen reader, navigation","Keyboard navigation, Screen reader information","Replace table layouts with vertically stacked fields.
Remove Markdown editor, using plain text areas instead.
Add labels to integer fields (e.g., “Goal color number”).
Adds message to screen readers when links open in a new tab.
Use a button for the search filter.
Provide screen reader status updates for search filter results.","visual impairments, motor impairments",,,,1,
03/15/2026,04/01/2026,"Atish, Hasan",760103972,https://github.com/COVID19Tracking/website/pull/1662,Converting toggles to radio buttons,navigation,Keyboard navigation,"The old Toggle component used a <div role=""switch""> with <span> children — not keyboard-navigable as individual options. The new RadioToggle replaces it with a <div role=""radiogroup""> containing individual <button role=""radio""> elements, each with aria-checked.",motor impairments,,,,1,
03/27/2026,05/05/2026,"Safwat, Atish",778826789,https://github.com/GoogleForCreators/web-stories-wp/pull/5828,Using aria-label for PanelTitle,aria label,Screen reader information,Separates the visible panel-title content from the toggle button's accessible name by introducing a dedicated ariaLabel prop on PanelTitle and SimplePanel,visual impairments,,,,1,
02/18/2026,02/25/2026,"Atish, Safwat",781469900,https://github.com/justeattakeaway/fozzie-components/pull/572,Some accessibility tests are not automated. automate-accessibility-test,,,Updated registration and header with accessibility test files and added accessibility tests to config files.,general,,,Not user facing,1,
02/18/2026,03/04/2026,"Emma, Chris",781905397,https://github.com/City-of-Helsinki/servicemap-ui/pull/560,Added aria hidden to map button,"screen reader, aria hidden",Screen reader information,added aria-hidden to SMButton,visual impairments,,,,1,
02/18/2026,02/25/2026,"Atish, Safwat",792188717,https://github.com/Automattic/wp-calypso/pull/49202,Author Selector does not show up in onKeyDown and grid icon is too small,"navigation, icon issue",Keyboard navigation,"Add keyboard accessibility to author selector toggle, span role is changed to button so that this span behaves as an interactive button and increase icon size.","visual impairments, motor impairments",,,,1,
03/03/2026,04/09/2026,"Emma, Hasan",795221767,https://github.com/ONSdigital/design-system/pull/1331,DAC review issue. Add context to autosuggest results by adding aria-labelledby with the label id provided as the value.,aria label,Screen reader information,"added aria-describedby to results <ul>, add label id",visual impairments,,,,1,
03/27/2026,06/08/2026,"Safwat, Emma",798401620,https://github.com/ONSdigital/design-system/pull/1343,No skip to content link in the terms of conditions page. ,navigation,Keyboard navigation,Added skip to main if content link has length and added skipLink to index.njk for toc-single and toc-multiple components.,"general, motor impairments",,,,1,
04/30/2026,05/05/2026,"Safwat, Chris",802213497,https://github.com/ONSdigital/design-system/pull/1356,SVG icons did not have the same color as the text following or preceding it when opened in IE11 or Edge.,color contrast,Color contrast,Created a separate high contrast mode scss file that handles svg color fills.,visual impairments,,,,1,
04/30/2026,05/05/2026,"Safwat, Chris",806725514,https://github.com/GoogleForCreators/web-stories-wp/pull/6353,aria-label text not following best practices,"aria label, assistive text",Screen reader information,update the aria-label text,visual impairments,,,,1,
03/27/2026,04/23/2026,"Hasan, Chris",822058075,https://github.com/adaptlearning/adapt-contrib-narrative/pull/210,The narrative elements are being read out in the wrong order by screen readers.,screen reader,Screen reader information,"added following lines in narrativeView.js: Adapt.a11y.toggleAccessibleEnabled($slideGraphics.children('.narrative__attribution'), false);
Adapt.a11y.toggleAccessibleEnabled($slideGraphics.filter(indexSelector).children('.narrative__attribution'), true);",visual impairments,,,,1,
05/06/2026,06/19/2026,"Hasan, Safwat",824336630,https://github.com/alphagov/govuk-frontend/pull/2163,Changed inaccessible texts (e.g.) to accessible text (for example).,screen reader,Screen reader information,"For each yaml document that has ""e.g."" in the text, changed them to ""for example"".",visual impairments,,,,1,
05/06/2026,05/13/2026,"Safwat, Chris",824754799,https://github.com/Automattic/wp-calypso/pull/50849,"Form button busy state appeared in gray for a lack of flag variable, which is of low contrast, and hard to read.",color contrast,Color contrast,"In site-url-input.jsx, added isFormSubmitBusy() method which utilizes constant isFetching to determine if data is still fetching.",general,,,,1,
03/15/2026,06/05/2026,"Emma, Safwat",826810353,https://github.com/scratchfoundation/scratch-gui/pull/6899,,,,,,,,,1,
03/03/2026,05/22/2026,"Kevin, Chris",848365063,https://github.com/justeattakeaway/fozzie-components/pull/858,a11y markup missing,screen reader,Screen reader information,added a11y markup with aria ,visual impairments,,,,1,
03/03/2026,04/09/2026,"Emma, Hasan",853839065,https://github.com/wordpress-mobile/gutenberg-mobile/pull/3350,The app crashes on slider container selection in VoiceOver/TalkBack accessibility mode from non-adjustable unit RangeCell a11y activation,"voice over, talkback",Screen reader information,,visual impairments,,,,1,
03/27/2026,04/23/2026,"Hasan, Chris",857171634,https://github.com/GoogleForCreators/web-stories-wp/pull/7197,keyboard nagivation using arrow keys not moving to the correct element,keyboard navigation,Keyboard navigation,fixed boolean conditions and implemented the arrow key navigation in useRovingTabIndex,"visual impairments, motor impairments",,,,1,
03/27/2026,06/08/2026,"Safwat, Emma",891146471,https://github.com/unl/wdntemplates/pull/1512,Focus style missing on card,focus element,Focus management,Added browser's native focus styles when card is focused and removed focus ring from primary link when card is focused.,"motor impairments, visual impairments",,,,1,
05/06/2026,06/19/2026,"Hasan, Safwat",909833569,https://github.com/cds-snc/digital-canada-ca/pull/2322,Headers were not defined consequentially.,header sequence,Heading and content structure,,visual impairments,,,,1,
03/03/2026,05/22/2026,"Kevin, Chris",915924080,https://github.com/twbs/bootstrap/pull/34214,missing img role and aria-label,aria label,Screen reader information,added img role and aria-label to icons,visual impairments,,,,1,
04/30/2026,06/16/2026,"Hasan, Atish",918881766,https://github.com/cds-snc/digital-canada-ca/pull/2348,Change card headings for better accessibility,screen reader,Screen reader information,h4 and h5 are used instead of h1 and h2,visual impairments,,,,1,
04/30/2026,06/16/2026,"Hasan, Atish",921271332,https://github.com/transloadit/uppy/pull/2930,"when navigating via keyboard and using a screen reader, the screen reader does not tell the user when they have checked one of the boxes next to a file or folder.",screen reader,Screen reader information,Improves checkboxes for screenreaders by using an actual input element with the right attributes.,visual impairments,,,,1,
05/06/2026,06/18/2026,"Atish, Emma",924840797,https://github.com/City-of-Helsinki/servicemap-ui/pull/701,Prevent automatic focus to site title if cookiehub banner is not hidden,focus element,Focus management,Prevent automatic focus to site title if cookiehub banner is not hidden using js,motor impairments,,,,1,
03/10/2026,03/11/2026,"Safwat, Atish",934420736,https://github.com/transloadit/uppy/pull/2980,Screen-reader does not read aloud when a checkbox is checked or unchecked.,screen reader,Screen reader information,"Replaced a custom checkbox-like UI with a native <input type=""checkbox""> element and bound its state using checked, disabled, and onChange. This enables proper semantic roles and state-change announcements for screen readers during keyboard interaction.",visual impairments,,,,1,
04/02/2026,05/20/2026,"Atish, Chris",946317527,https://github.com/gordon-cs/gordon-360-ui/pull/1283,Insufficient contrast against their background,color contrast,Color contrast,updated colors for accessibility,visual impairments,,,,1,
03/10/2026,05/21/2026,"Chris, Emma",946583554,https://github.com/cds-snc/digital-canada-ca/pull/2414,Aria labels are hardcoded for nav landmarks and not internationalized.,aria label,Screen reader information,Adds aria-label to nav for internationalization of screen-reader text.,visual impairments,,,,1,
04/30/2026,06/15/2026,"Safwat, Emma",950782151,https://github.com/cds-snc/digital-canada-ca/pull/2426,Headers were not defined consequentially.,header sequence,Heading and content structure,Changed a few headers from h4 to h3.,visual impairments,,,,1,
03/03/2026,03/04/2026,"Safwat, Atish",997860060,https://github.com/vakata/jstree/pull/2562,"aria-busy on a role=""none"" element accidentally un-hides it from screen readers",aria attributes,Screen reader information,Check if the anchor element exists and set aria-busy on it instead of the parent <li>,visual impairments,,,,1,
04/30/2026,06/15/2026,"Safwat, Emma",1005280654,https://github.com/GoogleForCreators/web-stories-wp/pull/9129,Improve alt text for 3P media,assistive text,Screen reader information,edit alt text to accurately reflect image,visual impairments,,,,1,
03/10/2026,05/21/2026,"Chris, Emma",1020264693,https://github.com/GoogleForCreators/web-stories-wp/pull/9321,Screenreaders don't announce confirmation for adding a tag or count of autocomplete options. added screenreader support for live regions,screen reader,Screen reader information,"Adds in a live region to adding new hierarchical (category) terms.
Adds in a live region to freeform (tag) autocomplete list results.",visual impairments,,,,1,
03/27/2026,05/05/2026,"Safwat, Atish",1029860470,https://github.com/twbs/bootstrap/pull/35223,"Add missing role=""search"" and type=""search"" in navbar doc and examples",screen reader,Screen reader information,"Adds role=""search"" to all navbar search forms across Bootstrap's documentation and examples so assistive technologies can identify them as search landmarks, and changes generic type=""text"" inputs to semantically correct type=""search"" in the navbars example. ",visual impairments,,,,1,
05/06/2026,05/13/2026,"Safwat, Chris",1048512551,https://github.com/Refinitiv/refinitiv-ui/pull/73,Lack of aria-attributes and navigation support,"aria label, navigation","Keyboard navigation, Screen reader information",added accessibility for nagivation and aria-attributes,"visual impairments, motor impairments",,,,1,
02/18/2026,02/25/2026,"Atish, Safwat",1061148272,https://github.com/Refinitiv/refinitiv-ui/pull/88,Improves screen reader support for list,aria attributes,Screen reader information,Adds <label> elements with id attributes and connects them to each ef-list via aria-labelledby.,visual impairments,,,,1,
03/27/2026,06/08/2026,"Safwat, Emma",1067332187,https://github.com/Refinitiv/refinitiv-ui/pull/102,improve screen reader support,screen reader,Screen reader information,"role=tree on tree element.
role=treeitem on tree-item element.
Adds aria-expanded to indicate expand/collapsed state of each tree-item
Adds aria-selected for single mode.
Adds aria-checked for multiple mode, to support tri-state i.e, true, false and mixed.
Adds aria-level which is depth+1 to each tree-item to indicate item depth.",visual impairments,,,,1,
03/10/2026,03/11/2026,"Safwat, Atish",1100050646,https://github.com/Refinitiv/refinitiv-ui/pull/161,Supporting screen reader for collapse element,screen reader,Screen reader information,"Wrapping the header text in a role=""button"" div with aria-expanded, aria-controls, and tabindex=""0"" for keyboard interaction; marking the decorative toggle icon as aria-hidden=""true""; adding role=""heading"" with a configurable aria-level to the header; and linking the content region via role=""region"" and aria-labelledby.","motor impairments, visual impairments",,,,1,
05/06/2026,06/18/2026,"Atish, Emma",1102620289,https://github.com/Leaflet/Leaflet/pull/7908,the popup close buttons needs to pass WCAG 2.2 SC 2.5.8 Target Size (Minimum) and small visual bug with the outline for keyboard users.,"keyboard, icon issue","Target size, Keyboard navigation","fix the width, height, and font size","motor impairments, visual impairments",,,,1,
04/02/2026,06/11/2026,"Safwat, Emma",1113375400,https://github.com/Refinitiv/refinitiv-ui/pull/176,index.html did not have accessibility support.,aria attributes,Screen reader information,"in packages/elements/src/button-bar/__demo__/index.html , added role attributes to radio buttons, added aria label on tick icon.",visual impairments,,,,1,
03/10/2026,06/04/2026,"Hasan, Safwat",1129640638,https://github.com/Refinitiv/refinitiv-ui/pull/200,Pill toggle has no accessibility support.,aria label,Screen reader information,"Added aria-pressed attribute to pill's index.ts for the update toggle, including conditions for removing attribute value when it is not active.",visual impairments,,,,1,
04/30/2026,05/05/2026,"Safwat, Chris",1129835771,https://github.com/Refinitiv/refinitiv-ui/pull/202,add accessibility to tab and tab bar,"keyboard navigation, aria attributes","Keyboard navigation, Screen reader information","tab:
should have role=""tab""
should have aria-selected: true | false to indicate current active tab
should support Delete key

tab-bar:
should have role=""tablist""
should support Left/Right/Up/Down Arrow keyboard navigation across tabs
should support Home and End which navigates to the first and last tab.","visual impairments, motor impairments",,,,1,
04/30/2026,05/05/2026,"Safwat, Chris",1132587970,https://github.com/mozilla/pdf.js/pull/14554,button groups need role and aria-checked,aria attributes,Screen reader information,"added aria-checked and role=""radio"" or role=""radiogroup""",visual impairments,,,,1,
05/06/2026,06/18/2026,"Atish, Emma",1134423997,https://github.com/Leaflet/Leaflet/pull/7996,Enabling outlines on leaflet-container for keyboard users,keyboard-navigation,Keyboard navigation,outline-offset added to leaflet-container,motor impairments,,,,1,
03/15/2026,03/26/2026,"Safwat, Chris",1140135816,https://github.com/adaptlearning/adapt-contrib-hotgraphic/pull/216,added alt-text and aria hidden,screen reader,Screen reader information,added alt text for aria-label class and set image to aria-hidden,visual impairments,,,,1,
03/15/2026,04/01/2026,"Atish, Hasan",1140966391,https://github.com/Automattic/wp-calypso/pull/61196,Focus state is not properly visible for no highlighting.,navigation,Keyboard navigation,Adds consistent focus-visible keyboard focus outlines (a 2px primary-color box shadow) to several My Home components that previously had no visible focus indicator. Also moves overflow: hidden from a parent container to its child <a> tag so the focus outline isn't clipped.,"motor impairments, visual impairments",,,,1,
03/10/2026,05/21/2026,"Chris, Emma",1154179361,https://github.com/ONSdigital/design-system/pull/2013,refactoring induced accessibility issues with change in aria-attributes for new web elements,aria attributes,Screen reader information,added aria-expanded and assistive text,visual impairments,,,,1,
04/02/2026,05/20/2026,"Atish, Chris",1163893375,https://github.com/Refinitiv/refinitiv-ui/pull/237,improve screen reader support,aria attributes,Screen reader information,replace aria-label with aria-description,visual impairments,,,,1,
05/06/2026,06/19/2026,"Hasan, Safwat",1169132275,https://github.com/Refinitiv/refinitiv-ui/pull/240,"Pagination component has unclear screen reader behavior and limited keyboard support, requiring better input announcements, hidden redundant buttons, and Arrow/Home/End key navigation.","screen reader, navigation","Screen reader information, Keyboard navigation",,,,,,1,
04/30/2026,06/16/2026,"Hasan, Atish",1200519743,https://github.com/GoogleForCreators/web-stories-wp/pull/11243,Adding Focus Keyboard Shortcut to Popup,keyboard-navigation,Keyboard navigation,added Ctrl + Alt + P event listener ,motor impairments,,,,1,
05/06/2026,06/19/2026,"Hasan, Safwat",1213690009,https://github.com/Leaflet/Leaflet/pull/8183,Leaflet attribution flag did not scale properly when users changed the page or browser font size.,page zoom,Target size,"Changed css component .leaflet-control-attribution svg to .leaflet-attribution-flag, added width and height, and added this attribute to ukrainianFlag variable in control attribution script file.",visual impairments,,,,1,
03/15/2026,06/05/2026,"Emma, Safwat",1218594475,https://github.com/Refinitiv/refinitiv-ui/pull/285,Color palettes don't have accessibility text.,"aria hidden, screen reader",Screen reader information,"Added aria-hidden to color palettes, added label tag to text with for attribute assigning it to other components.",visual impairments,,,,1,
04/02/2026,05/07/2026,"Hasan, Safwat",1219233097,https://github.com/Refinitiv/refinitiv-ui/pull/288,Role is not defined in tooltip object.,screen reader,Screen reader information,"Adds role=""tooltip"" to component, so screen-readers can get more context about the specific portion of text.",visual impairments,,,,1,
03/27/2026,04/23/2026,"Hasan, Chris",1238359144,https://github.com/ministryofjustice/moj-frontend/pull/359,Need to provide Banner components the region role,"screen reader, aria label",Screen reader information,"added role=""region"" aria-label=""{{ params.iconFallbackText | default(params.type) | default(""banner"") }}""",visual impairments,,,,1,
04/02/2026,06/11/2026,"Safwat, Emma",1250953681,https://github.com/Refinitiv/refinitiv-ui/pull/338,No accessibility support for auto suggestions.,aria attributes,Screen reader information,Added role and other aria attributes to input field. Added aria attributes for options chosen during auto suggestions.,visual impairments,,,,1,
03/03/2026,04/09/2026,"Emma, Hasan",1262730833,https://github.com/City-of-Helsinki/servicemap-ui/pull/825,"The result ordering dropdown lack an associated label, hence it can't announce the element while navigating.",aria label,Screen reader information,"added attributes component=""label"" for=""result-sorter"" in Typography tag.",visual impairments,,,,1,
04/30/2026,06/16/2026,"Hasan, Atish",1266199802,https://github.com/City-of-Helsinki/servicemap-ui/pull/828,Fixed focus handling and added event to close menu on 'esc' press.,"aria attributes, screen reader, navigation","Keyboard navigation, Screen reader information",event listener added for esc press. ariaHidden attribute updated for screenreaders,"visual impairments, motor impairments",,,,1,
05/06/2026,06/18/2026,"Atish, Emma",1273197441,https://github.com/City-of-Helsinki/servicemap-ui/pull/835,Changing browser font size did not scale some texts that had font size as px.,css-font,Text presentation,fontSize changed from pixel to relative,visual impairments,,,,1,
03/03/2026,03/04/2026,"Safwat, Atish",1278599871,https://github.com/adaptlearning/adapt-contrib-accordion/pull/117,"Aria level headers get skipped in numbering when article headers, block headers are not present.",aria attributes,Screen reader information,Supplied the component id to the a11y.ariaLevel function to aid automated calculations,visual impairments,,,,1,
05/06/2026,06/18/2026,"Atish, Emma",1291566097,https://github.com/adaptlearning/adapt-contrib-resources/pull/78,Adding missing aria attribution for tabs,aria attributes,Screen reader information,aria attributes added to buttons,visual impairments,,,,1,
03/10/2026,06/04/2026,"Hasan, Safwat",1305203651,https://github.com/nextcloud/text/pull/2717,"Menubar is only visible then the editor has focus, which makes it hard to discover. When trying to navigate with the keyboard the menu bar should stay visible and be navigable with the keyboard. Placeholder is not accessible by keyboard navigation (to create a new README)",navigation,Keyboard navigation,Allows to keyboard focus on placeholder and create a new workspace using enter and space keys.,motor impairments,,,,1,
03/10/2026,06/04/2026,"Hasan, Safwat",1319402900,https://github.com/adaptlearning/adapt-contrib-tutor/pull/75,Elements that do not require titles end up having no accessible title either as there were no default accessible title set for them.,assistive text,Screen reader information,"Added an alternative feedback title (altTitle) and rendered it with role=""heading"" and aria-level.",visual impairments,,,,1,
03/15/2026,04/01/2026,"Atish, Hasan",1320913408,https://github.com/adaptlearning/adapt-contrib-tutor/pull/76,"The aria-level for notifications and inline feedback is defined as a single string in the JSON. As a result, if a course includes both inline feedback and notifications, they will both be rendered at the same level—level 1—by default.",aria attributes,Screen reader information,"Replace deprecated a11y_attrs_heading usage with the following: role=""heading"" aria-level=""{{a11y_aria_level _attributes.data-adapt-id '@component+1' _ariaLevel }}",visual impairments,,,,1,
05/06/2026,05/13/2026,"Safwat, Chris",1320936282,https://github.com/adaptlearning/adapt-contrib-core/pull/204,Collapsed state of hamburger menu (Drawer) are not announced.,aria attributes,Screen reader information,Added aria-expanded state to drawer button in drawerView.js,visual impairments,,,,1,
03/03/2026,04/09/2026,"Emma, Hasan",1327777208,https://github.com/adaptlearning/adapt-contrib-resources/pull/83,Labels for resources items are unnecessarily verbose,"aria label, aria attributes",Screen reader information,Removes referenced tab title and description from aria-labels within each resource item,visual impairments,,,,1,
04/30/2026,06/16/2026,"Hasan, Atish",1329807888,https://github.com/ONSdigital/design-system/pull/2376,Ensures all elements render correctly in high contrast mode.,color contrast,Color contrast,High contrast mode fixes,visual impairments,,,,1,
03/15/2026,03/26/2026,"Safwat, Chris",1334317818,https://github.com/nextcloud/spreed/pull/7695,Success and error codes are not displayed using colored icons.,icon issue,Color contrast,Added success and failure colored icons using ButtonVue in web server setup.,"visual impairments, cognitive impairments",,,"Not sure whether user with visual impairments is served here or the general population, just for the ease of use.",1,
04/30/2026,06/15/2026,"Safwat, Emma",1335734686,https://github.com/ONSdigital/design-system/pull/2390,Timeout modal is announced as a different level than it should.,screen reader,Screen reader information,Changed time out modal from h1 to h2.,visual impairments,,,,1,
05/06/2026,06/18/2026,"Atish, Emma",1336005533,https://github.com/ONSdigital/design-system/pull/2392,Label/Legend description change,screen reader,Screen reader information,margin changed and description added,"motor impairments, visual impairments",,,,1,
04/30/2026,06/16/2026,"Hasan, Atish",1350680662,https://github.com/nextcloud/viewer/pull/1351,Flex wrap controls on small width,keyboard-navigation,Keyboard navigation,max-width is set to 100%,motor impairments,,,,1,
05/06/2026,06/19/2026,"Hasan, Safwat",1406737605,https://github.com/Automattic/wp-calypso/pull/69003,No accessible text in close button,aria label,Screen reader information,,visual impairments,,,,1,
03/27/2026,05/05/2026,"Safwat, Atish",1463000636,https://github.com/nextcloud/activity/pull/1017,Updating the document title to include the currently selected activity filter name,"screen reader, keyboard-navigation","Keyboard navigation, Screen reader information","When a user clicks a filter in the activity navigation, the browser's page title (window.document.title) now updates to reflect the active filter","visual impairments, motor impairments",,,,1,
02/18/2026,03/04/2026,"Emma, Chris",1477126892,https://github.com/nolanlawson/pinafore/pull/2302,change notification page for readability while meeting WCAG standards,color contrast,Color contrast,set text color to lowest WCAG compliant gray for deemphasized text (44%),visual impairments,,,,1,
04/30/2026,06/16/2026,"Hasan, Atish",1492975460,https://github.com/code-dot-org/code-dot-org/pull/49451,tall courseblocks get empty alt tag by default,assistive text,Screen reader information,empty alt tag added for images,visual impairments,,,,1,
04/30/2026,06/15/2026,"Safwat, Emma",1495004468,https://github.com/code-dot-org/code-dot-org/pull/49476,Add aria-label to progress bubble links to improve accessibility in all types of screen readers,aria label,Screen reader information,add aria-label={a11y_description},visual impairments,,,,1,
05/06/2026,06/18/2026,"Atish, Emma",1497221467,https://github.com/code-dot-org/code-dot-org/pull/49514,Add alt text to /thebadguys landing page,assistive text,Screen reader information,add alt text,visual impairments,,,,1,
04/30/2026,06/15/2026,"Safwat, Emma",1498917904,https://github.com/code-dot-org/code-dot-org/pull/49546,No alt text for login instruction image and secret image.,screen reader,Screen reader information,Defined alt text for login instruction image in en-us.json which is set as the alt attribute value for sign in instruction image in SectionLoginInfo.jsx. Added secretPictureName: serverStudent.secret_picture_name in teacherSectionsRedux.js.,visual impairments,,,,1,
05/06/2026,06/19/2026,"Hasan, Safwat",1499038117,https://github.com/code-dot-org/code-dot-org/pull/49550,No aria label for an input component.,aria label,Screen reader information,Added aria label to input component and switched onClick to onKeyDown.,visual impairments,,,,1,
04/30/2026,06/16/2026,"Hasan, Atish",1515922121,https://github.com/twbs/bootstrap/pull/37780,Dynamically update aria-label for theme switcher,aria attributes,Screen reader information,set an explicit aria-label to the switcher. Also include the currently selected theme name. Make the theme buttons actual aria-pressed toggles. Set focus explicitly back to the dropdown toggle button after a selection is made,visual impairments,,,,1,
05/06/2026,06/19/2026,"Hasan, Safwat",1519560106,https://github.com/code-dot-org/code-dot-org/pull/49641,Missing alt text on images.,assistive text,Screen reader information,Added alt text in en-us.json and referred to the alt text in apps/src/lib/kits/maker/ui/SetupGuide.jsx,visual impairments,,,,1,
03/10/2026,03/11/2026,"Safwat, Atish",1529884471,https://github.com/code-dot-org/code-dot-org/pull/49763,Screen reader reads button labels twice.,screen reader,Screen reader information,"Removed redundancy in screen-reader by turning button with links to button-styled links. Replaces <button> elements wrapped in markdown links with proper <a class=""link-button""> anchor tags",visual impairments,,,,1,
03/27/2026,04/23/2026,"Hasan, Chris",1549480663,https://github.com/inveniosoftware/invenio-app-rdm/pull/2027,missing aria-label that made navigation difficult for screenreaders,aria label,Screen reader information,"aria-label added to the quick create ""+"" navbar icon ",visual impairments,,,,1,
04/30/2026,05/05/2026,"Safwat, Chris",1575985471,https://github.com/adaptlearning/adapt-contrib-media/pull/252,Caption selection button is not announced by screen-reader for having no aria-pressed label.,"screen reader, aria label",Screen reader information,Overridden the MediaElementPlayer.prototype.setTrack() method to allow use of aria-pressed label on closed caption button.,visual impairments,,,,1,
04/30/2026,06/15/2026,"Safwat, Emma",1578625598,https://github.com/cgkineo/adapt-hotgrid/pull/103,Changes the Hotgrid Notify close button's aria-label to the correct identifier,aria label,Screen reader information,Changes arialabels.onCloseClick to arialabels.closePopup,visual impairments,,,,1,
03/15/2026,06/05/2026,"Emma, Safwat",1584879360,https://github.com/dequelabs/cauldron/pull/894,Replace variable focus light with a value that has higher color contrast,color contrast,Color contrast,feat(styles): Add variable accent purple high contrast color,visual impairments,,,,1,
03/03/2026,03/04/2026,"Safwat, Atish",1586684290,https://github.com/adaptlearning/adapt-contrib-matching/pull/164,Ensuring all icons in every template are uniform and setting up with the same structure with the appropriate aria hidden label,screen reader,Screen reader information,"Adds aria-hidden=""true"" to three purely decorative icon elements",visual impairments,,,,1,
05/06/2026,06/19/2026,"Hasan, Safwat",1587871377,https://github.com/adaptlearning/adapt-contrib-hotgraphic/pull/259,Unable to use keyboard arrows to navigate hotgraphic. Closing popup makes screenreader lose focus.,"screen reader, navigation",Keyboard navigation,"Removed ""aria-haspopup=""dialog"""" attribute from two hotgraphic buttons.","motor impairments, visual impairments",,,,1,
04/30/2026,05/05/2026,"Safwat, Chris",1588287037,https://github.com/adaptlearning/adapt-contrib-tutor/pull/86,"Icons across templates were not consistently marked as decorative, causing screen readers to potentially announce them unnecessarily.",aria hidden,Screen reader information,"Added aria-hidden=""true"" to span class ""icon""",visual impairments,,,,1,
05/06/2026,05/13/2026,"Safwat, Chris",1589436519,https://github.com/trendmicro-frontend/tonic-ui/pull/694,"Default outline for elements with tabindex=""-1"" can create accessibility issues.",navigation,Keyboard navigation,"Removed the default outline for tabindex=-1, and made it 0.","motor impairments, visual impairments",,,,1,
03/03/2026,05/22/2026,"Kevin, Chris",1589518626,https://github.com/adaptlearning/adapt-contrib-boxMenu/pull/139,Ensure items have appropriate aria-hidden,aria hidden,Screen reader information,added aria-hidden and set to true,visual impairments,,,,1,
05/06/2026,06/18/2026,"Atish, Emma",1590187914,https://github.com/adaptlearning/adapt-contrib-boxMenu/pull/141,"Standardise boxMenu aria labels, Menu item button aria label doesn't match visible button label",aria label,Screen reader information,Standardise aria-labels with recent changes to component aria labels,visual impairments,,,,1,
05/06/2026,06/18/2026,"Atish, Emma",1607823765,https://github.com/code-dot-org/code-dot-org/pull/50576,"Assign and unassign section buttons a11y, realigning hidden and visible",element-positioning,Heading and content structure,css changed,motor impairments,,,,1,
05/06/2026,05/13/2026,"Safwat, Chris",1611803203,https://github.com/nextcloud/spreed/pull/8973,There were missing aria labels for buttons in call view.,aria label,Screen reader information,Added audioButtonToolTip and videoButtonToolTip variable to aria-label for connection failed buttons.,visual impairments,,,,1,
04/30/2026,06/16/2026,"Hasan, Atish",1613017039,https://github.com/nextcloud/spreed/pull/8983,Adding aria-label to button with only numeric label,aria label,Screen reader information,aria label added to <NcButton>,visual impairments,,,,1,
05/06/2026,06/19/2026,"Hasan, Safwat",1629219685,https://github.com/nextcloud/activity/pull/1123,RSS link button is not accessible.,color contrast,Color contrast,"Increased width and height of RSS icon, changed it from <a> to <button> with added aria-label.",visual impairments,,,,1,
02/18/2026,03/13/2026,"Kevin, Hasan",1634539039,https://github.com/cgkineo/adapt-hotgrid/pull/117,"viewed/completed items in the UI were only signified via color, making it difficult for blind or low-vision users to unerstand if they had completed items",ui-component-state,Color contrast,Added new icon to indicate viewed/completed items,visual impairments,,,,1,
04/30/2026,06/15/2026,"Safwat, Emma",1635548632,https://github.com/adaptlearning/adapt-contrib-pageLevelProgress/pull/172,Aria label of a component is too long.,aria label,Screen reader information,"Added additional instruction to pageLevelProgress, shortened pageLevelProgressIndicatorBar default text in schema.json and properties.schema.",visual impairments,,,,1,
05/06/2026,06/18/2026,"Atish, Emma",1655140383,https://github.com/adaptlearning/adapt-contrib-narrative/pull/257,"Cannot calculate appropriate heading level, no model id was specified",screen reader,Screen reader information,Supplied id to a11y.ariaLevel calculation in order to find componentItem relative to component,visual impairments,,,,1,
03/10/2026,06/04/2026,"Hasan, Safwat",1655333763,https://github.com/adaptlearning/adapt_framework/pull/3387,Config does not have support for reduced motion for people with dizziness or motion sickness.,reduce motion,Motion sensitivity,"Added the attribute ""_isPrefersReducedMotionEnabled"": true to config.json",cognitive impairments,,,,1,
03/03/2026,04/09/2026,"Emma, Hasan",1735088151,https://github.com/code-dot-org/code-dot-org/pull/52165,The purple brand color used on text links is not accessible against the light blue background in the callout sections used in the rebrand pages.,color contrast,Color contrast,updated the section.bg-primary-light attribute in ‎pegasus/sites.v3/code.org/public/css/design-system-pegasus.scss‎ file.,visual impairments,,,,1,
05/06/2026,05/13/2026,"Safwat, Chris",1738164722,https://github.com/zooniverse/front-end-monorepo/pull/4753,Selected text are not properly announced by voice overs.,"screen reader, aria label",Screen reader information,"Changed styled.span to styled.mark, and added aria labels.",visual impairments,,,,1,
05/06/2026,06/19/2026,"Hasan, Safwat",1760973969,https://github.com/alphagov/govuk-frontend/pull/3819,focus style is only visible at the bottom of the image and may therefore be completely obscured to a user (e.g. the focus style may be entirely outside of the viewport),focus element,Focus management,,"visual impairments, motor impairments",,,,1,
05/06/2026,06/18/2026,"Atish, Emma",1821851175,https://github.com/Refinitiv/refinitiv-ui/pull/865,"VO always announce percentage value in number-field when open in Safari. To make VO+Safari announced correct value, the document in MDN suggests to include aria-valuetext with aria-valuenow to prevent it from announced value as percentage when aria-valuemin and aria-valuemax are not defined.",aria attributes,Screen reader information,add aria-valuetext,visual impairments,,,,1,
02/18/2026,03/04/2026,"Emma, Chris",1824035144,https://github.com/Refinitiv/refinitiv-ui/pull/868,want to prevent VO (apple screen reader) from announcing percentage,aria attributes,Screen reader information,"add aria-value text to prevent VO from announcing percentage: 'aria-valuetext': `${this.value || 0}`,",visual impairments,,,,1,
05/06/2026,05/13/2026,"Safwat, Chris",1842911139,https://github.com/adaptlearning/adapt-contrib-slider/pull/192,Missing required accessibility name for slider,"screen reader, aria attributes",Screen reader information,ariaScaleName added to give context of scale measurement,visual impairments,,,,1,
05/06/2026,05/13/2026,"Safwat, Chris",1845281685,https://github.com/ONSdigital/design-system/pull/2779,tag not read by screenreader correctly,screen reader,Screen reader information,changed tag from h3 to strong,visual impairments,,,,1,
04/30/2026,06/16/2026,"Hasan, Atish",1845743938,https://github.com/nextcloud/spreed/pull/10176,"Search improvement, involving issue with focus and tabbing.",keyboard-navigation,Keyboard navigation,searchText attribute added,motor impairments,,,,1,
03/10/2026,05/21/2026,"Chris, Emma",1847562384,https://github.com/adaptlearning/adapt-contrib-languagePicker/pull/85,Assistive technologies don't know if drawer is opened or closed because of the absence of aria expanded attribute/.,aria attributes,Screen reader information,Added event listener when drawer is closed or clicked and updated aria-expanded to False or True. Added aria-expanded attribute to language picker nav view.,visual impairments,,,,1,
04/02/2026,05/20/2026,"Atish, Chris",1865563104,https://github.com/adaptlearning/adapt-contrib-core/pull/434,Skip navigation button not focusing on content when navigating with arrows,"screen reader, keyboard navigation",Keyboard navigation,added delay to a11y.focusFirst in navigation button view,"visual impairments, motor impairments",,,,1,
03/27/2026,04/23/2026,"Hasan, Chris",1894695833,https://github.com/zooniverse/front-end-monorepo/pull/5327,the padding from the signed-out user navigation menu in ZooHeader was accidentaly removed. added aria-label to user menu,"navigation, aria label","Screen reader information, Keyboard navigation",added pad={userNavigationPadding} in function ZooHeader (),"visual impairments, motor impairments",,,,1,
05/06/2026,06/18/2026,"Atish, Emma",1921348202,https://github.com/Refinitiv/refinitiv-ui/pull/980,Adding aria-readonly=true when list and tree are in stateless mode,aria attributes,Screen reader information,Adding aria-readonly for stateless mode,visual impairments,,,,1,
03/15/2026,06/05/2026,"Emma, Safwat",1934981716,https://github.com/zooniverse/Panoptes-Front-End/pull/6871,"Text inputs did not have associated labels, causing missing accessible names for text areas.",screen reader,Screen reader information,"Added task key property to input ID, added jsx property taskKey as annotation.task, added textarea component to return object.",visual impairments,,,,1,
05/06/2026,06/19/2026,"Hasan, Safwat",1951902084,https://github.com/adaptlearning/adapt-contrib-boxMenu/pull/170,Hidden items were incorrectly included in the ARIA item count,screen reader,Screen reader information,"The menu logic was updated to exclude hidden child items when building menu groups and calculating the ARIA item count. BoxMenuGroupView.js now filters children to only include models where _isHidden: false, and BoxMenuView.js now computes _totalChild from only visible children instead of all child models.",visual impairments,,,,1,
02/18/2026,03/13/2026,"Kevin, Hasan",1972926436,https://github.com/alphagov/govuk-frontend/pull/4417,No static analysis vlaidation of aria labels and general labels for components,aria label,Screen reader information,adding html validation and javascripts tests to validate labels,visual impairments,,,,1,
05/06/2026,06/19/2026,"Hasan, Safwat",1993876790,https://github.com/nextcloud/photos/pull/2129,Tabulation is working right only in one direction,navigation,Keyboard navigation,,motor impairments,,,,1,
03/03/2026,05/22/2026,"Kevin, Chris",2009914273,https://github.com/zooniverse/front-end-monorepo/pull/5680,incorrect tabindex to page element,screen reader,Screen reader information,Add tabIndex={-1} to Team and Publications headings,visual impairments,,,,1,
03/03/2026,05/22/2026,"Kevin, Chris",2024055513,https://github.com/adaptlearning/adapt-contrib-hotgraphic/pull/290,inconsistencies between popup DOM and visual order,navigation,Keyboard navigation,"use _imageAlignment to adjust item alignments and using directionality (top, left, right, bottom)","visual impairments, motor impairments",,,,1,
03/15/2026,03/26/2026,"Safwat, Chris",2029657968,https://github.com/nextcloud/photos/pull/2183,Multiple nav landmarks needed labeling,aria label,Screen reader information,Added aria-labels in navs in main.js and photos.vue,visual impairments,,,,1,
03/03/2026,03/04/2026,"Safwat, Atish",2030182879,https://github.com/nextcloud/text/pull/5098,Dropdown menu buttons are of low contrast and has no padding.,color contrast,Color contrast,Increased contrast for active menu bar items and increased padding between menu buttons.,visual impairments,,,,1,
03/10/2026,03/11/2026,"Safwat, Atish",2038330052,https://github.com/nextcloud/photos/pull/2190,"Favorite icon has no border, making it less visible for people with low vision.","color contrast, aria label","Screen reader information, Color contrast","Replaces the inline Star icon with a new dedicated FavoriteIcon.vue component that improves accessibility by encapsulating a concise aria-label (""Favorite"") and adding a high-contrast stroke around the star to ensure visibility against any background.",visual impairments,,,,1,
03/15/2026,04/01/2026,"Atish, Hasan",2038518828,https://github.com/code-dot-org/code-dot-org/pull/55397,Refactoring share_buttons view to avoid screen readers to re-read duplicate link tag and button tag labels.,screen reader,Screen reader information,"Replacing invalid <a><button> nesting with plain styled <a> tags,",visual impairments,,,,1,
04/30/2026,06/16/2026,"Hasan, Atish",2043992406,https://github.com/code-dot-org/code-dot-org/pull/55485,need to add alt text,assistive text,Screen reader information,added alt text for several images across different components.,visual impairments,,,,1,
04/02/2026,05/20/2026,"Atish, Chris",2067193019,https://github.com/adaptlearning/adapt-contrib-hotgraphic/pull/292,aria-label position had screenreader reading incorrectly,aria label,Screen reader information,Update .hotgraphic__pin aria-label to use item instead of popupPagination to set itemCount,visual impairments,,,,1,
03/15/2026,06/05/2026,"Emma, Safwat",2074143893,https://github.com/adaptlearning/adapt-contrib-core/pull/484,Add missing _globals._accessibility.altFeedbackTitle property to schemas.,screen reader,Screen reader information,"add ""altFeedbackTitle"":",visual impairments,,,,1,
02/18/2026,02/25/2026,"Atish, Safwat",2074645487,https://github.com/nextcloud/text/pull/5227,Not able to skip editor container and file upload input during keyboard navigation,navigation,Keyboard navigation,"Add tabindex=""-1"" attribute to editor container and file upload input",motor impairments,,,,1,
03/15/2026,04/01/2026,"Atish, Hasan",2074754535,https://github.com/nextcloud/text/pull/5228,Prioritize un-collapsible menubar entries for mobile and aggregate children in the hidden entries,navigation,Keyboard navigation,Fixes mobile menu accessibility by ensuring all toolbar actions are reachable on small screens (≥320px).,motor impairments,,,,1,
05/06/2026,05/13/2026,"Safwat, Chris",2094669329,https://github.com/nextcloud/photos/pull/2273,Back button had not aria labels.,"screen reader, assistive text",Screen reader information,"Added aria-label=""t('photos', 'Go back')"" to back button.",visual impairments,,,,1,
03/10/2026,06/04/2026,"Hasan, Safwat",2094883278,https://github.com/nextcloud/photos/pull/2274,Filename appearing over background resulting in low contrast title.,color contrast,Color contrast,Update folder component to fix contrast issues. Make page mobile-friendly at 320px.,visual impairments,,,,1,
04/30/2026,06/15/2026,"Safwat, Emma",2095743042,https://github.com/nextcloud/photos/pull/2275,Fix description for favorite images and remove image description,screen reader,Screen reader information,remove ariaDescription,visual impairments,,,,1,
03/03/2026,05/22/2026,"Kevin, Chris",2098866633,https://github.com/nextcloud/photos/pull/2282,Focus should return to Add button on dialog close,focus element,Focus management,return focus on dialogue close and remove autofocus on Timeline.vue,"visual impairments, motor impairments",,,,1,
03/10/2026,06/04/2026,"Hasan, Safwat",2102553219,https://github.com/nextcloud/photos/pull/2290,Adding photos affects navigation and text in header overflows.,"navigation, text overflow",Keyboard navigation,"Wrapped text, calculated necessary spacing so elements don't overlap and aligned the padding element. Changed margin from left to inLine start. Added import for smallMobile support. ","motor impairments, general",,,,1,
04/30/2026,06/15/2026,"Safwat, Emma",2114943025,https://github.com/nextcloud/firstrunwizard/pull/1075,Focus lost to body after closing firstrunwizard.,focus element,Focus management,Sets the return focus target to the trigger button of header-menu-user-menu.,motor impairments,,,,1,
05/06/2026,06/18/2026,"Atish, Emma",2127762492,https://github.com/dhis2/ui/pull/1449,add aria attributes to loaders,aria attributes,Screen reader information,"- Add aria-valuenow attribute to linear loader
- Add aria-label attribute to both linear and circular loaders
- Add unit tests for loaders",visual impairments,,,,1,
05/06/2026,06/19/2026,"Hasan, Safwat",2164246828,https://github.com/zooniverse/front-end-monorepo/pull/5947,Animated statistics ignores a user’s reduced-motion preference.,reduce motion,Motion sensitivity,,,,,,1,
03/03/2026,03/04/2026,"Safwat, Atish",2173547118,https://github.com/dhis2/ui/pull/1460,Pressing Escape closes entire modal. It should only close dropdown,navigation,Keyboard navigation,Added condition to close drop-down using escape button.,"motor impairments, visual impairments",,,,1,
04/30/2026,06/15/2026,"Safwat, Emma",2179910857,https://github.com/inclusive-design/wecount.inclusivedesign.ca/pull/1741,Header bar had contrast issue.,color contrast,Color contrast,Added new inicator element with the color black in css.,visual impairments,,,,1,
05/06/2026,06/18/2026,"Atish, Emma",2207657543,https://github.com/dhis2/ui/pull/1468,Tabs weren't keyboard/screen-reader accessible and long labels were truncated with no way to read them.,"keyboard-navigation, screen reader","Keyboard navigation, Screen reader information","Added arrow-key roving focus and ARIA tablist/tab roles to the Tabs/Tab components, converted Tab to forwardRef, and wrapped overflowing labels in a tooltip.","motor impairments, visual impairments",,,,1,
03/10/2026,03/11/2026,"Safwat, Atish",2214849521,https://github.com/dhis2/ui/pull/1469,No accessible labels for notification badge.,"color contrast, aria label","Screen reader information, Color contrast",Adds title and aria-label attributes to icon-only buttons,visual impairments,,,,1,
04/30/2026,06/15/2026,"Safwat, Emma",2246122167,https://github.com/adaptlearning/adapt-contrib-narrative/pull/301,completion icon added to progress indicators,icon issue,"Target size, Color contrast","Set progress indicator variables for consistent sizing.
Progress indicator border and .is-selected styles added.
Progress indicator .is-visited icon style added. Tick icon displayed for consistency with other visited component item states.
The overall .narrative__progress size has increased from 12px to 16px. The screen shots shared in the issue have larger icons (@icon-size 1.5rem for consistency with other component item visited ticks) however this limits the amount of items we can comfortably fit visually and the preference was to keep these small.","visual impairments, motor impairments",,,,1,
03/27/2026,05/05/2026,"Safwat, Atish",2248812958,https://github.com/zotero/zotero/pull/4004,quickformat more detailed instructions,screen reader,Screen reader information,"Improves screen reader support in the Quick Format Citation dialog by adding aria-haspopup to citation bubbles, role=""dialog"" to the citation properties panel, and rewriting the ARIA description strings to identify each element's role and purpose.",visual impairments,,,,1,
02/18/2026,03/13/2026,"Kevin, Hasan",2249300813,https://github.com/zotero/zotero/pull/4006,Missing html element aria labels,aria label,Screen reader information,added aria labels,visual impairments,,,,1,
03/27/2026,05/05/2026,"Safwat, Atish",2264255754,https://github.com/zotero/zotero/pull/4053,Remove button is not focusable,navigation,Keyboard navigation,"Changed the tab index to remove button from -1 to 0, and hid the image.",motor impairments,,,,1,
05/06/2026,05/13/2026,"Safwat, Chris",2269401936,https://github.com/zotero/zotero/pull/4069,Keyboard navigation between tabs automatically moved focus into code inputs.,navigation,Keyboard navigation,"Only moves focus into elements marked with focus-on-tab-select when tabs are activated via mouse click. Added additional keyboard handlers for shift tab, escape.","motor impairments, visual impairments",,,,1,
02/18/2026,02/25/2026,"Atish, Safwat",2385490709,https://github.com/dhis2/ui/pull/1539,"Menu reader is inconsistent for some list items do not consist list tags, and role not present for some items.","screen reader, navigation","Keyboard navigation, Screen reader information",Added li tags for some items for consistency and added roles to improve screen reader and keyboard navigation,"motor impairments, visual impairments",,,,1,
04/02/2026,06/11/2026,"Safwat, Emma",2414120805,https://github.com/zotero/zotero/pull/4402,"Focus was placed in the middle of the search dialog when it opened, causing keyboard and screen reader users to skip earlier fields and potentially miss content above the focused field.",focus element,Focus management,"Changed focus to the first field of the window in advanced search, removed condition menu focus from zotero search, added control attribute to zotero search name.","visual impairments, motor impairments",,,,1,
04/02/2026,05/07/2026,"Hasan, Safwat",2430980202,https://github.com/zotero/zotero/pull/4433,Need to add sorting options and column picker. All functionality to be accessible via a keyboard.,navigation,Keyboard navigation,"- adds View > Columns and View > Sort By menu options
to all windows that contains an itemtTree (select items dialog,
advanced search, classic add citation, edit bibliography
dialog).
- added menu options to move a selected column left/right
which we need as an alternative for drag-drop reordering
that would not require using a mouse",motor impairments,,,,1,
03/15/2026,04/01/2026,"Atish, Hasan",2440886504,https://github.com/jquery/jquery-ui/pull/2275,"The dialog title uses a non-semantic <span>. Hence, dialogs without headings provide no accessible heading context for screen reader users, which can be confusing.",screen reader,Screen reader information,"Add option to put the dialog title. (e.g., uiDialogTitleTagName: ""span"", uiDialogTitle = $( ""<"" + this.options.uiDialogTitleTagName + "">"" ).uniqueId().prependTo( this.uiDialogTitlebar ))",visual impairments,,,,1,
03/27/2026,06/08/2026,"Safwat, Emma",2453890347,https://github.com/nextcloud/spreed/pull/12918,No ID defined in nc modal.,screen reader,Screen reader information,"LabelID set for nc-modal, created new file src/composables/useId.ts which randomly generates id.",visual impairments,,,,1,
05/06/2026,06/19/2026,"Hasan, Safwat",2494332151,https://github.com/nextcloud/photos/pull/2628,"Blur hash image labels are also annouced, whereas they should be omitted.",aria hidden,Screen reader information,Added aria hidden = True for blur hash in File.vue,visual impairments,,,,1,
02/18/2026,03/13/2026,"Kevin, Hasan",2508890518,https://github.com/WebKit/WebKit/pull/33213,The children of iFrame elements were not properly hidden when the isIgnored() attribute is set to the parent iFrame component,"iFrame accessibility, hidden element visibility",Heading and content structure,Added loop to iterate over the childern of iFrame elements in order to properly apply the isIgnored() attribute.,general,,,,1,
03/27/2026,04/23/2026,"Hasan, Chris",2518289668,https://github.com/WebKit/WebKit/pull/33440,accessibility tree doesn't update when selection is cleared,keyboard navigation,Keyboard navigation,created accessibility helper for frame selection and restructured frame selection conditional,visual impairments,,,,1,
03/15/2026,03/26/2026,"Safwat, Chris",2558915399,https://github.com/cryptpad/cryptpad/pull/1672,keyboard trap in Form without way to remove focus,navigation,Keyboard navigation,added Esc option to remove text field focus,"visual impairments, motor impairments",,,,1,
04/02/2026,05/20/2026,"Atish, Chris",2572772977,https://github.com/cryptpad/cryptpad/pull/1679,insufficient spacing for modal,button interaction,Heading and content structure,increased margins to 0.2rem,motor impairments,,,,1,
04/30/2026,05/05/2026,"Safwat, Chris",2577290802,https://github.com/WebKit/WebKit/pull/34944,TextUnit::Sentence (current) is computed in the main thread,keyboard navigation,Keyboard navigation,Implement TextUnit::Sentence in accessibility thread,"motor impairments, visual impairments",,,,1,
02/18/2026,03/04/2026,"Emma, Chris",2594429261,https://github.com/WebKit/WebKit/pull/35357,changed color to align with accessibility,color contrast,Color contrast,Changed transparent black to opaque black,visual impairments,,,,1,
02/18/2026,03/13/2026,"Kevin, Hasan",2713367887,https://github.com/WebKit/WebKit/pull/37337,text editing functionality for certain assistive technologies is disrupted due to invalid range for secure fields,assistive text,Screen reader information,enabled javascript function that allows for text selection and copying from secure input fields on a webpage,general,,,,1,
05/06/2026,06/19/2026,"Hasan, Safwat",2743461838,https://github.com/usdigitalresponse/usdr-gost/pull/3811,,"color contrast, header sequence","Color contrast, Heading and content structure",,,,,,1,
03/15/2026,04/01/2026,"Atish, Hasan",2756476017,https://github.com/gympass/yoga/pull/856,Adding arial label to input component,"screen reader, aria label",Screen reader information,"Adds an explicit ariaLabel prop to the Input component, allowing a custom accessible label separate from the visible label text.",visual impairments,,,,1,
03/03/2026,03/04/2026,"Safwat, Atish",2778662111,https://github.com/WebKit/WebKit/pull/38802,Accessibility hit testing failed for elements inside scrolled iframes because scroll offsets were not considered.,screen reader,Screen reader information,"Retrieves the local frame inside a remote frame, frame view and its scroll position and offsets the hit-test coordinates by that scroll position.",visual impairments,,,,1,
03/15/2026,03/26/2026,"Safwat, Chris",2819542789,https://github.com/zooniverse/front-end-monorepo/pull/6655,VideoViewer does not support controls for navigation correctly (skipping and pause/resume),navigation,Keyboard navigation,separated video views for default and custom controls so the viewer follows standard navigation behavior with keyboard,general,,,,1,
02/18/2026,03/13/2026,"Kevin, Hasan",2921068887,https://github.com/gympass/yoga/pull/880,Clear button in UI was missing aria label,aria label,Screen reader information,The variable name for the button was updarted and a descriptive label was added to the element.,visual impairments,,,,1,
03/03/2026,04/09/2026,"Emma, Hasan",Tabulation is working right only in one direction,https://github.com/grommet/hpe-design-system/pull/4939,Adds accessibility information to Checkbox Group page,aria label,Screen reader information,"1] edit WCAG 2.2 A to AA and AAA 
2] add accessibility rules",visual impairments,,,Comment: unsure if this is user facing or not.,1,
04/02/2026,06/11/2026,"Safwat, Emma",2950972516,https://github.com/WebKit/WebKit/pull/43069,"WebKit sometimes exposes duplicate text for unrendered text nodes (e.g. labels inside display:none containers, canvas fallback content)",screen reader,Screen reader information,change Text::wholeText to Text::data,visual impairments,,,,1,
03/10/2026,06/04/2026,"Hasan, Safwat",2997572019,https://github.com/WebKit/WebKit/pull/44114,Incorrect list marker text included in AX text marker range output,assistive text,Screen reader information,Updates AXTextMarkerRange::toString so list marker text is only included when the text marker is directly adjacent to the list marker.,visual impairments,,,,1,
03/03/2026,04/09/2026,"Emma, Hasan",3026510807,https://github.com/code-dot-org/code-dot-org/pull/65544,need to update drag and drop screenreader instructions,screen reader,Screen reader information,updated the attribute dragAndDropInstructions to add screenreader instructions.,visual impairments,,,,1,
05/06/2026,06/19/2026,"Hasan, Safwat",3029432219,https://github.com/WebKit/WebKit/pull/44704,VoiceOver skips over menu items with standard navigation commands in Safari.,screen reader,Screen reader information,Removed null return for menu related items in accessibility/mac/WebAccessibilityObjectWrapperMac.mm which made the voice over programs skip certain components.,visual impairments,,,,1,
05/06/2026,05/13/2026,"Safwat, Chris",3034925118,https://github.com/WebKit/WebKit/pull/44812,Dynamic contents visible using the content-visibility attribute was ignored by voice over.,screen reader,Screen reader information,Added detection logic for content-visibility style changes in AXObjectCache.cpp. Triggered accessibility childrenChanged notifications when elements transition between hidden and visible states.,visual impairments,,,,1,
04/02/2026,05/07/2026,"Hasan, Safwat",3036861635,https://github.com/WebKit/WebKit/pull/44864,Hidden elements are announced in voice over. ,screen reader,Screen reader information,"Added an accessibility test for hidden related-object exposure and updated AccessibilityNodeObject.cpp to prevent hidden, ignored, or unknown accessibility nodes from being exposed to VoiceOver. The fix also ignores render-hidden elements unless they are part of a <canvas> subtree, preserving canvas accessibility behavior.",visual impairments,,,,1,
02/18/2026,03/13/2026,"Kevin, Hasan",3036976324,https://github.com/code-dot-org/code-dot-org/pull/65646,"Console layout was not navigable via a keyboard. the keyboard wasn't actually using a PopUpOption. Also, due to single option menu, the user was ending up with keyboard focus on a 'menu' overall item instead of the button itself.",navigation,Keyboard navigation,Updated UI component types and changed initial focus points to make for a more navigable menu structure. Converted the keyboard component to use PopUpOption. Converted the PopUpButton to have an optional focusId so that instead of focusing on the menu first the user can opt to go straight to the button.,motor impairments,,,,1,
04/02/2026,06/11/2026,"Safwat, Emma",3068230238,https://github.com/ONSdigital/design-system/pull/3592,Decorative SVG icons being announced by screenreader,aria hidden,Screen reader information,adding an aria-hidden to all SVGs which are for presentation purposes only and should be ignored by assistive tech,visual impairments,,,,1,
03/15/2026,04/01/2026,"Atish, Hasan",3068452196,https://github.com/ONSdigital/design-system/pull/3593,The TOC component lacks the ability to set a custom aria-label for related links.,screen reader,Screen reader information,"Removes role=""complementary"" as this is no longer needed (redundant when using <aside>). Adds ariaLabel param to the relatedLinks block of TOC component",visual impairments,,,,1,
